Id,Nome,FrequenciaAtividadeFisica,Sexo,Idade
1,Lydia,Yearly,Female,50
2,Reider,Seldom,Male,30
3,Lianne,Monthly,,31
4,Diarmid,Often,Non-binary,34
5,,Daily,Female,32
6,Ad,Seldom,Male,55
7,Sheilah,Daily,Female,59
8,Cly,Daily,Male,35
9,Onfroi,Seldom,Male,57
10,Ogdon,Weekly,Genderfluid,22
11,Bartholemy,Seldom,Male,57
12,Dolly,Monthly,Female,25
13,Jarrad,Daily,Male,26
14,Wyatt,Often,Male,57
15,Cristian,Monthly,Male,45
16,Ashley,Daily,Female,38
17,Nada,Often,Female,52
18,Leonanie,Once,,37
19,Missie,Weekly,Female,35
20,Tam,Seldom,Male,25
21,Fanechka,Daily,Genderqueer,56
22,Emelia,Seldom,Female,27
23,Dmitri,Weekly,Male,33
24,Joseph,Often,Male,46
25,Mischa,Once,Male,45
26,Levon,Never,Agender,46
27,Hugues,Seldom,Male,38
28,Kristo,Yearly,Male,53
29,Adolphe,Weekly,Male,53
30,Isidor,Often,Male,21
31,Geoff,Once,Male,42
32,,Once,Female,47
33,Joeann,Weekly,Female,38
34,Thoma,Monthly,Male,33
35,Padraic,Weekly,Male,59
36,Aloysia,Seldom,Female,50
37,Guss,Often,Male,24
38,Patience,Daily,Female,53
39,Keelia,Once,Female,44
40,Adrian,Often,Female,20
41,Kent,Monthly,Male,22
42,,Often,Non-binary,24
43,Rivy,Monthly,Female,43
44,Ramsey,Once,Male,44
45,,Weekly,Bigender,32
46,Lillian,Seldom,Female,21
47,Perry,Daily,Female,50
48,Bonnee,Often,Female,41
49,Chev,Weekly,Male,54
50,Stevie,Once,Male,20
51,Atlante,Monthly,Female,49
52,,Once,Male,55
53,Jere,Once,Non-binary,45
54,Burgess,Seldom,Male,32
55,Merci,Often,Agender,48
56,Itch,Daily,Male,48
57,,Often,Female,22
58,Rudd,Daily,Male,40
59,Somerset,Yearly,Male,55
60,,Seldom,Male,46
61,Dimitri,Often,Male,22
62,Garvy,Daily,Male,58
63,Casper,Seldom,Male,31
64,Deerdre,Once,,56
65,Donnajean,Daily,Female,39
66,Grantham,Seldom,Male,34
67,Georgi,Yearly,Male,48
68,Bartholemy,,Male,
69,Ron,Yearly,Male,31
70,Aloysius,Once,Male,49
71,Prent,Yearly,Male,23
72,Bertram,Yearly,Male,60
73,,Daily,Female,49
74,Michell,Never,Female,50
75,Mozelle,Seldom,Female,20
76,Windham,Often,Male,50
77,Zitella,Once,Female,31
78,,Yearly,Male,60
79,Obie,Seldom,Male,53
80,Bevan,Once,Male,38
81,Avrom,Seldom,Male,50
82,Arman,Monthly,Male,49
83,,Often,Female,20
84,Alfie,Weekly,Genderfluid,57
85,Rawley,Never,Male,50
86,Gar,Yearly,Male,48
87,Janeta,Once,Female,43
88,Hoebart,Monthly,Male,48
89,Helyn,Weekly,Female,51
90,Maurice,Once,Male,56
91,Mariel,Yearly,Female,56
92,Carter,Weekly,Male,59
93,Archibaldo,Seldom,Male,32
94,Rubie,Seldom,Female,32
95,Sauncho,Weekly,Male,54
96,Jozef,Monthly,Male,27
97,Christa,Monthly,Female,23
98,Lorelei,Often,Female,29
99,Barron,Often,Male,30
100,Mame,Monthly,,60
101,Dacie,Never,Female,40
102,Zechariah,Yearly,Male,42
103,,Often,Male,45
104,Pattie,Often,Male,25
105,Gallagher,Yearly,Polygender,50
106,Chad,,Male,
107,Giovanni,Weekly,Male,29
108,Michaeline,Monthly,Female,22
109,Ariadne,Yearly,Female,35
110,,Daily,Male,51
111,Hyacinthie,Yearly,Female,55
112,Gauthier,Never,Male,42
113,Robby,Daily,Male,20
114,Ramonda,Once,Female,60
115,Hebert,Weekly,Male,20
116,Innis,Seldom,Male,34
117,Saxon,Seldom,Male,20
118,Bill,,Female,
119,Jo-anne,Once,Female,27
120,Aile,Monthly,Female,57
121,Adrian,Daily,Female,32
122,Berne,Daily,Male,60
123,Huntley,Never,Male,28
124,Donnell,Yearly,Agender,50
125,,Once,Male,42
126,Elwin,Monthly,Male,22
127,Lorenzo,Daily,Male,36
128,Beverley,Weekly,Female,35
129,Livy,Seldom,Female,21
130,Ansel,Once,Male,44
131,Ignazio,Seldom,Male,20
132,Olwen,Monthly,Female,41
133,Maudie,Never,Female,47
134,Tristan,Weekly,Male,41
135,Dennie,Monthly,Female,58
136,Carrie,Seldom,,25
137,Tadeo,Monthly,Male,27
138,Tedie,Seldom,Non-binary,55
139,Danette,Never,Female,60
140,Bab,Often,Female,50
141,Cassondra,Monthly,Female,51
142,Karee,Daily,Genderfluid,43
143,Dottie,Never,Female,31
144,Johnette,Daily,Female,43
145,Terrell,Yearly,Male,58
146,Toni,Seldom,Female,32
147,Janith,Seldom,Female,22
148,Thornie,Never,Male,25
149,,Never,Female,29
150,Dmitri,Never,Male,51
151,,Seldom,Male,51
152,Eirena,Monthly,Female,40
153,Gil,Seldom,Male,54
154,Jamesy,Monthly,Male,41
155,Jorry,Often,Female,28
156,Meghann,Yearly,Female,29
157,Jayme,Often,Non-binary,40
158,Axe,Seldom,Male,56
159,Ernst,Monthly,Male,60
160,Joelle,Seldom,Female,20
161,Blinny,Yearly,Bigender,26
162,Jefferson,Often,Male,41
163,Deloria,Never,Female,38
164,Patsy,Often,Male,35
165,Caressa,Once,Female,24
166,Crystie,Once,Female,21
167,Dalston,Monthly,Male,36
168,Cleo,Yearly,Female,32
169,Rowen,Never,Male,55
170,Nerti,Once,,36
171,Domingo,Seldom,Male,45
172,Jakob,,Polygender,
173,Jacky,Yearly,Female,38
174,Shelley,Never,Polygender,54
175,Monika,Monthly,Female,44
176,Shae,Yearly,Male,25
177,Sydel,Daily,Female,24
178,Warner,Daily,Male,38
179,,Daily,Non-binary,48
180,Roman,Once,Male,43
181,,Yearly,Female,49
182,,Once,,41
183,Edouard,Weekly,Male,45
184,Bertrand,Seldom,Male,52
185,Kelsey,Never,Female,54
186,Lexy,Never,Female,55
187,Danni,Monthly,Female,56
188,Crosby,Never,Male,35
189,Kerrie,Weekly,Female,40
190,Tull,Monthly,Male,55
191,Emilie,Often,Polygender,32
192,Electra,Weekly,Genderqueer,43
193,Raynard,Yearly,Male,38
194,Minetta,Yearly,Female,26
195,Marilee,Once,Female,50
196,Ferdinanda,Daily,Female,20
197,Jeno,Seldom,Genderqueer,49
198,Delilah,Monthly,Female,60
199,Gabbie,Once,Male,47
200,Giacobo,Often,Male,39
201,Hodge,Seldom,Male,57
202,Linell,Weekly,Female,35
203,Gerti,Weekly,Female,47
204,Bevin,Monthly,Male,35
205,Taddeo,Often,Male,25
206,Cord,Monthly,Male,35
207,Laetitia,Yearly,Bigender,39
208,Fernando,Seldom,Male,58
209,Audy,Daily,Female,58
210,Addia,Once,Female,30
211,Moishe,Once,Male,57
212,Jasmina,Monthly,Female,49
213,Manolo,Seldom,Male,37
214,Allie,Yearly,Female,42
215,Ulrika,Weekly,Female,24
216,Cecilius,Never,Male,32
217,Shaun,Daily,Male,24
218,Shepard,Once,Male,34
219,Merrile,Monthly,,31
220,Jourdan,Often,Female,50
221,Nichol,Daily,Female,33
222,Conny,Seldom,Male,37
223,Dian,Monthly,Female,32
224,Marielle,Yearly,Female,25
225,Chic,Weekly,Non-binary,26
226,Latisha,Often,Female,26
227,Abbot,Seldom,Genderfluid,58
228,Joan,Weekly,Female,32
229,Lizzie,Monthly,Female,46
230,,Monthly,Male,32
231,Winny,Seldom,Male,50
232,Frazer,Often,Male,44
233,Eleanora,Once,Female,42
234,Nehemiah,Daily,Male,40
235,Fairleigh,Yearly,Male,26
236,Othilia,Often,Female,49
237,,Yearly,Male,33
238,,,Female,
239,Atlanta,Once,Female,35
240,Sherilyn,Yearly,Female,38
241,,Weekly,Non-binary,56
242,Gaston,Weekly,,41
243,Jacintha,Weekly,Female,35
244,Bernadine,Once,Female,20
245,Karoly,Often,Female,47
246,Jorey,Never,Female,48
247,Pepe,Daily,Male,54
248,Patty,Monthly,Agender,39
249,Gae,Weekly,Female,58
250,Kirsteni,Once,Female,51
251,Ebony,Daily,Female,34
252,Saunder,Yearly,Male,50
253,Levey,Daily,,43
254,Dennet,Yearly,Male,20
255,Lorrie,Monthly,Male,58
256,Osborn,Daily,Male,44
257,Adriaens,Seldom,Female,21
258,Baudoin,Often,Male,28
259,Phillis,Often,Female,27
260,Lorne,Monthly,Male,59
261,Raeann,Monthly,Female,26
262,Morgen,Once,Male,33
263,Pietra,Once,Female,29
264,Clarine,Daily,Female,32
265,Lorain,Never,Genderfluid,36
266,Kimberley,Seldom,Female,42
267,Jessalyn,Daily,Female,33
268,Sheffie,Yearly,Male,30
269,Gerri,Often,Female,37
270,Gasparo,Yearly,Male,53
271,Basil,Weekly,Male,27
272,Gabriell,Once,Female,21
273,Skippy,Never,Male,28
274,Irita,Daily,Female,57
275,Hill,Often,Male,47
276,Sven,Yearly,Male,34
277,Guy,Daily,Polygender,51
278,Celle,Never,Female,56
279,Boonie,Weekly,Male,33
280,Clarance,Once,Male,53
281,Julie,Yearly,Male,33
282,Jacynth,Often,Female,41
283,Fern,Weekly,Female,41
284,,Yearly,Female,27
285,Gisela,Daily,Female,30
286,Nadean,Weekly,Female,33
287,Gian,Never,Agender,51
288,Meredith,Seldom,Male,22
289,Nikos,Often,Male,50
290,Clemmy,Never,Female,32
291,Raimundo,Monthly,Bigender,39
292,Dene,Yearly,Male,58
293,Jarib,Daily,Male,56
294,Lacey,Seldom,Female,33
295,Sterne,Never,Male,31
296,Tadio,Often,Male,30
297,Shari,Yearly,Genderqueer,33
298,Wald,Seldom,Male,34
299,Cathyleen,Yearly,Female,39
300,Jeromy,Once,Male,44
301,Camellia,Weekly,Female,37
302,Maureen,Seldom,Female,43
303,Rhoda,Yearly,Agender,21
304,Celle,Once,Female,53
305,Lusa,Daily,Female,59
306,Christopher,Never,Male,24
307,Milli,Weekly,,37
308,Cristine,Never,Female,43
309,Oralie,Daily,Female,23
310,Percy,Often,Male,38
311,Bambie,Often,Female,55
312,Clarke,Once,Male,33
313,Melita,Monthly,Female,25
314,Diana,Seldom,Female,38
315,Pauly,Often,Genderqueer,34
316,Julie,,Male,
317,Sherman,Never,Male,20
318,Sibbie,Monthly,Female,22
319,Cinda,Weekly,Female,37
320,Charlene,Monthly,Female,50
321,Addia,Yearly,Female,43
322,Nelson,Daily,Genderfluid,37
323,Sandy,Weekly,Female,46
324,Ema,Yearly,Female,38
325,Giuseppe,Once,Genderfluid,43
326,Karon,Once,Female,57
327,,Weekly,Female,29
328,Malynda,Yearly,Female,43
329,Serena,Daily,Female,24
330,Aeriell,Never,,44
331,,Never,Male,49
332,Quent,Weekly,Male,23
333,Chaddy,Seldom,Male,32
334,Marco,Seldom,Genderfluid,54
335,Tasha,Never,Female,35
336,Jarvis,Yearly,Male,22
337,Fonsie,Once,Male,36
338,Auria,Monthly,Female,27
339,Karlyn,Monthly,,59
340,Lidia,Yearly,Female,38
341,Roselle,Seldom,Female,60
342,Idette,Seldom,Female,36
343,Benedetta,Monthly,Female,54
344,Virge,Yearly,Male,35
345,,Once,Male,44
346,Dollie,Daily,Female,56
347,Jenn,Weekly,Female,30
348,Orran,Never,Male,27
349,Tito,Daily,Male,22
350,Reggie,Weekly,Male,49
351,Karylin,Often,Female,38
352,Nye,Daily,Male,53
353,Arabel,Weekly,Female,47
354,Fae,Once,Female,58
355,,Once,Female,51
356,Catherin,Daily,Female,59
357,Malvina,Weekly,Female,27
358,Ailene,Never,Female,20
359,Pearla,Once,,58
360,Maryann,Weekly,Polygender,56
361,Louisa,Daily,Female,49
362,Dominique,Weekly,Genderfluid,32
363,Vincenz,Seldom,Male,58
364,Harriette,Yearly,Female,56
365,Joshuah,Once,Male,54
366,Lari,Never,Female,55
367,Gualterio,Often,Male,52
368,,Weekly,Female,20
369,Gretel,Often,Female,58
370,Leann,Weekly,Female,27
371,Grantley,Monthly,Male,54
372,Richmound,Often,Male,59
373,Gordon,Often,Male,26
374,Collen,Once,Female,34
375,Carmina,Seldom,Female,39
376,,Yearly,Female,55
377,Ernestus,Often,Male,21
378,Antonia,Seldom,,27
379,Jock,Often,Male,42
380,,Seldom,Female,42
381,Tandi,Often,Female,39
382,Kimble,Never,Male,34
383,Isaak,Monthly,Male,37
384,Magdalena,Often,Female,46
385,Nerti,Weekly,Female,44
386,Poppy,Once,Genderqueer,29
387,Jan,Once,Male,21
388,Davidson,Yearly,Male,40
389,Dill,Monthly,Male,40
390,Roxi,Yearly,Polygender,54
391,Seumas,Once,,58
392,Lutero,Often,Male,41
393,Derick,Daily,Male,35
394,Spenser,Seldom,Male,21
395,Lanny,Once,Female,45
396,Lauren,Often,Genderqueer,56
397,Conway,Seldom,Male,46
398,Lauralee,Seldom,Female,44
399,Elise,Once,,43
400,Cleve,Weekly,Male,24
401,Aubrey,Daily,Male,39
402,Reece,Monthly,Male,58
403,Graig,Yearly,Genderfluid,55
404,Bevon,Once,Male,37
405,Eugene,Never,Male,28
406,Darn,Yearly,Male,57
407,Ellynn,Weekly,Bigender,27
408,Maison,Monthly,Male,43
409,Leilah,Yearly,Female,55
410,Dani,Monthly,Male,52
411,Jordan,Seldom,Male,51
412,Ekaterina,Monthly,Female,48
413,Sloane,Yearly,Male,24
414,Drona,Weekly,,58
415,Hallsy,Once,Male,32
416,Arabelle,Yearly,Female,21
417,Averil,Often,Female,28
418,Almira,Often,Female,53
419,Latia,Monthly,Bigender,57
420,Buckie,Seldom,Male,46
421,Gayel,Once,Female,20
422,Gwendolen,Weekly,Female,55
423,Gilbert,Never,Male,21
424,Portia,Seldom,Female,52
425,Cyrille,Often,Male,53
426,Rozele,Seldom,Female,43
427,Perice,Yearly,Male,34
428,Darsie,Daily,Bigender,58
429,Elisa,Never,Female,47
430,Steward,Daily,Male,22
431,Gay,Never,Female,28
432,Vail,Never,Male,58
433,Osbourn,Never,Male,45
434,Ferguson,Never,Male,52
435,Jeannette,Weekly,Female,42
436,Ezechiel,Monthly,Polygender,52
437,Jonie,Seldom,Genderfluid,29
438,Barbette,Never,Female,43
439,Arney,Daily,Male,30
440,Nanny,Weekly,Female,43
441,Gilbertine,Once,Female,25
442,Ebeneser,Monthly,Male,58
443,Meir,Seldom,Male,42
444,Ursola,Weekly,Female,39
445,Giselle,Once,Bigender,37
446,Giacobo,Daily,Male,43
447,Caitrin,Often,Female,54
448,Rudd,Often,Male,23
449,Ki,Often,Female,49
450,Raul,Daily,Genderfluid,42
451,Virginia,Monthly,Female,58
452,Karolina,Never,Female,52
453,Saunderson,Once,Male,33
454,Mead,Once,Female,21
455,Worden,Daily,Male,45
456,,Never,,36
457,Erl,Often,,26
458,Renado,Weekly,Male,50
459,Veronike,,Female,
460,Tracie,Weekly,Female,32
461,Alissa,Seldom,Agender,33
462,Hildegarde,Never,Non-binary,31
463,Rufe,Seldom,Male,56
464,Shay,Often,Male,44
465,Rafaellle,Never,Male,40
466,Yankee,Monthly,Male,20
467,Trace,Never,Male,40
468,Genny,Often,Female,56
469,Francklin,Often,Male,35
470,Philip,Yearly,Male,48
471,,Yearly,Female,23
472,Adey,Seldom,Female,47
473,Ron,Daily,Male,25
474,Vinita,Monthly,Female,30
475,Wain,Never,Male,60
476,Dian,Yearly,Female,30
477,Ransell,Daily,Genderqueer,59
478,Truman,Never,Male,45
479,Darcy,Seldom,Female,33
480,Clareta,Once,Female,48
481,Erv,Daily,Male,28
482,Alain,Often,Male,57
483,Bobine,Monthly,Female,36
484,Pancho,Monthly,Male,37
485,Bill,Once,Male,53
486,,Seldom,Female,47
487,Christophe,Seldom,Agender,21
488,Tally,Often,Male,43
489,Adham,Yearly,Male,25
490,Allistir,Often,Male,33
491,Cooper,Often,Male,35
492,Barthel,Monthly,Male,22
493,Gabriellia,Weekly,Female,32
494,Zolly,Often,Male,33
495,Gustie,Yearly,Female,59
496,Pascal,Monthly,Male,50
497,Duffy,Monthly,Bigender,39
498,Standford,Monthly,Male,47
499,,Yearly,Male,39
500,,Yearly,Female,59
501,Martita,Weekly,Female,51
502,Dannie,Seldom,Male,44
503,Gaylord,Yearly,,33
504,Loretta,Often,Female,23
505,Adrian,Often,Genderqueer,35
506,Doe,Weekly,Female,30
507,Renado,Once,Male,26
508,Alexia,Monthly,Female,38
509,Godfree,Daily,Male,25
510,Isidor,,Male,
511,Brenden,Yearly,Non-binary,54
512,Tiebout,Never,,57
513,Sileas,Seldom,Female,37
514,Rupert,Weekly,Male,46
515,Mariette,Often,Female,27
516,Amelita,Weekly,Female,52
517,Lorenzo,Never,Male,50
518,Mariette,Weekly,Female,30
519,Tracy,Seldom,Female,24
520,Jacky,,Agender,
521,Marielle,Monthly,Female,58
522,Erwin,Daily,,47
523,Yancey,Seldom,Male,25
524,Francis,Once,Male,41
525,Roselia,Daily,Genderqueer,27
526,Thia,Never,Female,50
527,Prudence,Never,Female,26
528,Jackson,Weekly,Male,39
529,Ula,Never,Female,56
530,Derick,Seldom,Male,29
531,Eldredge,Yearly,Male,52
532,Noam,Daily,,44
533,,Monthly,Female,41
534,Krystal,Daily,Female,32
535,,Monthly,Genderfluid,26
536,Laural,Weekly,Female,51
537,Catha,Once,Female,22
538,Karney,Seldom,Male,38
539,,Weekly,Female,48
540,Renault,Seldom,Male,21
541,Caritta,Monthly,Female,43
542,Lorinda,Often,Female,22
543,Fraser,Daily,Male,50
544,,Yearly,Male,22
545,June,Daily,Female,23
546,Alastair,Yearly,Male,25
547,Waldon,Often,Male,37
548,Artie,Often,Male,55
549,Katleen,,Female,
550,Lalo,Yearly,Polygender,24
551,Zelda,Yearly,Female,29
552,Dianemarie,Seldom,Female,23
553,Mirabel,Seldom,Bigender,45
554,Cristen,Often,Polygender,23
555,Parker,Daily,Male,25
556,Bary,Weekly,Male,25
557,Francklin,Seldom,Male,56
558,Carolyne,Seldom,Female,39
559,Gabrielle,Yearly,Female,57
560,Aigneis,Monthly,Female,32
561,Peadar,Once,Male,27
562,Pattie,,Female,
563,Manon,Daily,Female,37
564,Glenda,Never,Female,29
565,Astrix,Never,Female,36
566,Luis,Never,Genderqueer,54
567,Ophelie,Daily,Female,22
568,Denys,Seldom,Male,37
569,Lyon,Often,Male,39
570,Amalea,Daily,Agender,55
571,Creight,Monthly,Male,24
572,Zoe,Yearly,Female,38
573,Vergil,Daily,Male,39
574,Valentino,Never,Male,58
575,Raina,Monthly,Female,34
576,Lolly,Once,Female,59
577,Loren,Weekly,Male,37
578,Corrine,Once,Female,46
579,Alison,Weekly,Female,51
580,Tomas,Often,Male,34
581,,Once,Female,40
582,Adelbert,Yearly,Genderfluid,53
583,Larissa,Weekly,Female,55
584,Prudy,Once,Female,51
585,Wayland,Monthly,Male,33
586,Norma,Weekly,Female,60
587,Stearn,Weekly,Male,55
588,Addy,Daily,Male,20
589,Claude,Once,Female,49
590,Marc,Once,,55
591,Eal,Weekly,Male,27
592,Mersey,Never,Female,59
593,Che,Monthly,Male,53
594,Millard,Daily,Male,20
595,Moreen,Seldom,Female,25
596,Forbes,Weekly,Male,26
597,Matilda,Once,Female,20
598,Francisca,Weekly,Female,24
599,Everett,Monthly,Male,39
600,Caro,Never,Female,47
601,Claudell,Monthly,Male,59
602,Christalle,Often,Genderfluid,26
603,Lindsey,Often,Male,24
604,Crawford,Seldom,Male,57
605,Carlotta,Weekly,Genderfluid,60
606,Tripp,Often,Male,20
607,Winifred,Yearly,Female,42
608,Amalita,Often,Female,35
609,Ian,Often,Male,51
610,Sharlene,Once,Genderqueer,37
611,Elvina,Yearly,Female,32
612,Gracie,Monthly,Female,33
613,Chauncey,Weekly,Male,33
614,Ursuline,Often,Polygender,22
615,Eolande,Daily,Female,43
616,Elia,Often,Male,48
617,Carol,,Female,
618,Dorthea,Once,Female,55
619,Lissie,Often,Female,26
620,,Seldom,Male,50
621,Jilli,Once,Non-binary,23
622,Conni,Seldom,Female,60
623,Romona,Often,Female,24
624,Amargo,Monthly,Female,31
625,Keary,Yearly,Male,31
626,Rey,Once,Female,25
627,Brant,Weekly,Male,48
628,Elladine,Seldom,Female,47
629,Chantal,Daily,Female,36
630,Jessy,Monthly,Female,40
631,Mathian,Often,Male,28
632,Joachim,Never,Male,46
633,Dawna,Often,Female,34
634,Angelika,Weekly,Female,35
635,Jena,Weekly,Female,56
636,Lynelle,Daily,Female,51
637,Luke,Seldom,Male,33
638,Lucho,Weekly,Male,33
639,Maxie,Monthly,Male,60
640,Nelie,Monthly,Polygender,58
641,Cathee,Often,Female,22
642,Lorry,Once,Male,26
643,Karel,Monthly,Female,44
644,Babbette,Monthly,Female,39
645,Lauralee,Never,Female,33
646,Sara-ann,Often,Female,49
647,Filia,Daily,Female,55
648,Fedora,Yearly,Female,24
649,Inigo,Monthly,Male,42
650,Carma,Never,Female,59
651,Andee,Monthly,Female,44
652,Domenico,Seldom,Male,44
653,Elvina,Weekly,Female,59
654,Nari,Daily,Female,38
655,Devin,Yearly,Male,44
656,Kendra,Daily,Female,39
657,Gerladina,Yearly,Female,51
658,Dagny,Daily,Male,47
659,Hayden,Seldom,Male,33
660,,Seldom,Male,33
661,Amargo,Once,Polygender,56
662,Maxine,Yearly,Female,49
663,Clarance,Never,Agender,32
664,Garrett,Monthly,Male,48
665,Gibbie,Weekly,,43
666,Ebonee,,Female,
667,Kiel,Monthly,Male,34
668,George,Often,Male,49
669,Richmound,Monthly,Male,43
670,Carlynne,Daily,Female,58
671,Boonie,Once,Male,48
672,Hadleigh,Seldom,Male,22
673,,,Female,
674,Malinda,Never,Female,54
675,Burlie,Seldom,Male,57
676,Lorelle,Seldom,Female,35
677,Carey,Monthly,Female,30
678,Marv,Yearly,Male,59
679,Nappie,Daily,Male,28
680,,Daily,Male,31
681,Man,Yearly,Male,56
682,Clio,Often,Female,27
683,Carlita,Seldom,Female,38
684,Stevie,Often,Male,21
685,Dorette,Seldom,Female,47
686,Dulcinea,Never,Female,24
687,Micky,Seldom,Male,30
688,,Seldom,Female,44
689,,Weekly,Female,43
690,Dorothy,Yearly,Female,21
691,Adelina,Never,Female,59
692,Marna,Yearly,Female,28
693,Raymond,Often,Agender,53
694,Roley,Seldom,Male,58
695,Jo,Yearly,Female,20
696,Celle,Daily,Female,25
697,,Never,Male,46
698,Aldrich,Never,Male,59
699,Gussie,Monthly,Female,49
700,Valaria,Never,Female,51
701,Hobard,Yearly,Male,52
702,Catharine,Daily,Female,51
703,Benn,Seldom,Male,48
704,Estell,Daily,Female,53
705,Emmet,Monthly,Male,33
706,Zorine,Daily,Female,43
707,Maurise,Often,Male,54
708,Jaclyn,Never,Female,45
709,Sorcha,Yearly,Female,23
710,Franny,Never,Female,55
711,Roseann,,Female,
712,Craig,Never,Male,35
713,Wynn,Often,Female,42
714,Isabeau,Yearly,Female,50
715,Adella,Weekly,Female,34
716,Rodger,Once,Male,36
717,Kalle,Yearly,,36
718,Basia,Never,Female,22
719,Kalinda,Seldom,Female,32
720,Cyrus,Never,Male,41
721,Venita,Yearly,Bigender,57
722,April,Daily,Agender,46
723,Torey,Once,Female,22
724,,Often,Female,26
725,Brynne,Once,Female,50
726,Lindsay,Weekly,Female,44
727,Cathrine,,Genderfluid,
728,Olag,Once,Male,20
729,,Never,Female,42
730,,Never,Female,24
731,,Daily,Agender,47
732,Oran,Often,Male,57
733,Alla,Once,Female,37
734,Tina,Monthly,Female,39
735,Waverly,Once,Male,47
736,Daisi,Often,Female,41
737,Otho,Daily,Male,41
738,Mart,Seldom,Male,28
739,Lolita,Often,Female,27
740,Marsh,Daily,Male,53
741,Misti,Weekly,Genderfluid,35
742,Yetta,Daily,Female,59
743,Penni,Never,Female,57
744,Allayne,Yearly,Male,47
745,Katha,Never,Female,34
746,Audy,Often,Agender,20
747,Trueman,Never,Male,56
748,Jaye,Weekly,Male,22
749,Bette,Never,Female,23
750,Jeremiah,Weekly,Male,53
751,Val,Yearly,Female,20
752,,Often,Female,32
753,Ivan,Monthly,Male,53
754,Cathrine,Monthly,Female,53
755,Jayme,Often,Female,52
756,Genvieve,Weekly,Female,52
757,Regen,Monthly,Male,43
758,Cele,Monthly,Female,58
759,Yvon,Monthly,Male,52
760,Beitris,Daily,Female,50
761,Eileen,Seldom,Female,42
762,Jamill,Often,Male,31
763,Danette,Yearly,Female,59
764,,Never,Female,35
765,,Often,Male,31
766,Jenifer,Once,Female,55
767,Cami,Yearly,Female,30
768,Jacques,Often,Male,36
769,Binky,Yearly,Male,50
770,,Seldom,Female,27
771,Niccolo,Once,Male,36
772,Sile,Seldom,Female,53
773,Caesar,Often,Male,58
774,Katey,Never,Female,24
775,Jerry,Seldom,Female,47
776,Chancey,Often,Male,38
777,Benedict,Weekly,Male,45
778,Husein,Once,Male,26
779,Rebekah,Monthly,Female,35
780,Corabel,Once,Female,47
781,Cobbie,Weekly,Male,52
782,Carlynn,Weekly,Female,42
783,Melisandra,Weekly,Female,55
784,Alanah,Monthly,Non-binary,30
785,Eduardo,Weekly,Male,40
786,Malia,Monthly,Female,30
787,Sophi,Never,Bigender,60
788,Rea,Yearly,Female,29
789,Ashleigh,Seldom,,25
790,Paulette,Never,Female,50
791,Morgun,Monthly,Genderfluid,30
792,,Once,Non-binary,29
793,Bennie,Daily,Female,36
794,Othelia,Never,Polygender,48
795,Isaiah,Weekly,Male,45
796,Emanuel,Daily,Male,48
797,Walden,Never,Male,58
798,Gene,Once,Male,44
799,Blaine,Never,Non-binary,47
800,Randie,Often,Female,36
801,Morley,Yearly,Male,39
802,Jamima,Monthly,Female,46
803,Glory,Never,Female,54
804,Udale,Monthly,Male,50
805,Abbe,Often,Female,41
806,Cindi,Seldom,Female,48
807,Charmain,Never,Female,58
808,Keith,Once,Male,26
809,Donnie,Never,Female,31
810,Genia,Often,Female,51
811,,Monthly,Male,28
812,Lia,Often,Female,52
813,Garfield,Monthly,Male,53
814,Hunt,Seldom,Male,27
815,Gonzalo,Once,Male,58
816,Wallis,Seldom,Male,48
817,Joshuah,Weekly,Male,26
818,Yves,Monthly,Male,27
819,Gwenore,Often,Female,52
820,Dulce,Weekly,Genderqueer,42
821,Kelvin,Once,Male,40
822,Jakob,Monthly,Male,49
823,Jeffry,Never,Male,60
824,Catie,Monthly,Female,47
825,Rozanne,Once,Female,20
826,Giusto,Once,Male,59
827,Hamilton,Weekly,Male,51
828,Sadye,Yearly,Female,43
829,Rossy,Yearly,Male,31
830,Jareb,Never,Male,24
831,Harald,Often,Male,44
832,Otho,Monthly,Male,50
833,Ashley,Daily,Male,47
834,Tomas,Daily,Male,58
835,Deloris,Never,Female,25
836,Wye,Often,Male,45
837,Aron,Monthly,Male,38
838,Benjamen,Often,Male,22
839,Clyde,Often,Male,59
840,Angy,Monthly,Female,52
841,Elroy,Daily,Male,49
842,Darb,Often,Female,39
843,Hollie,Once,Female,40
844,Bear,Never,Male,34
845,Abeu,Once,Male,56
846,Dehlia,Yearly,Female,51
847,Niko,Monthly,Male,45
848,Georgetta,Daily,Female,57
849,Auberta,Once,Female,59
850,Ly,Daily,Male,21
851,Latrena,Daily,Female,60
852,,Weekly,Female,58
853,Jehanna,Yearly,Female,27
854,Zerk,Yearly,Male,36
855,Tobin,Once,Male,30
856,Katinka,Daily,Female,55
857,Timmy,Monthly,Female,39
858,Antonius,Once,Non-binary,34
859,Maryann,Daily,Female,60
860,Anabella,Often,Female,37
861,Hadrian,Monthly,Agender,54
862,Elladine,Weekly,Female,45
863,Dre,Seldom,Female,54
864,Felisha,Monthly,Bigender,46
865,Ronald,Never,Male,28
866,Dicky,Once,Male,32
867,Eadith,Weekly,Female,55
868,Augustin,Often,Male,53
869,Gian,Monthly,Male,37
870,Velma,Never,Female,58
871,Lorant,Once,Male,45
872,Howard,Seldom,Polygender,28
873,Tiff,Weekly,Female,59
874,Marie-jeanne,Seldom,Female,37
875,Rachele,Monthly,Female,21
876,Pearce,Often,Genderfluid,20
877,Regen,Once,Male,27
878,Say,,Male,
879,Raymund,Monthly,Non-binary,43
880,Layney,Yearly,Female,59
881,Knox,Often,Male,39
882,Dalt,Often,Male,20
883,Byrann,Daily,Male,27
884,Verla,Daily,Non-binary,47
885,Cybil,Daily,Female,44
886,Arlen,Seldom,Female,31
887,Currey,Once,Male,39
888,Chrissie,Monthly,Non-binary,52
889,Marin,Yearly,Female,44
890,Katrinka,Daily,Genderfluid,26
891,Lorrie,Yearly,Genderfluid,32
892,Flori,Weekly,Female,56
893,Petra,Seldom,Female,55
894,Nicholas,Often,Male,56
895,Yves,Daily,Male,41
896,Davin,Once,Male,31
897,Gasper,Daily,Male,28
898,Gabi,Often,Male,44
899,Meghann,Seldom,Female,50
900,Mart,Monthly,Male,57
901,Tamqrah,Daily,Female,57
902,Aurea,Monthly,Female,44
903,Frasco,Never,Male,58
904,Mirabella,Yearly,Female,52
905,Yolande,Daily,Non-binary,23
906,Mead,Yearly,,26
907,Lilly,Never,Female,34
908,Sutherland,Yearly,Male,51
909,Clyde,Seldom,Male,49
910,Fernando,,Male,
911,Annice,Yearly,Female,54
912,Alana,Daily,Female,55
913,Byran,Yearly,Male,49
914,,Once,Male,49
915,Alysa,Seldom,Bigender,28
916,Inness,Seldom,Male,32
917,Karoly,Often,Male,32
918,Les,Yearly,Male,38
919,Frazier,Daily,Male,41
920,Art,Never,Male,29
921,Blanche,Monthly,Female,27
922,,Daily,Male,23
923,Timi,Monthly,Female,20
924,Jareb,Weekly,Male,56
925,Iver,Seldom,Male,49
926,Verena,Once,Female,48
927,,Weekly,Male,22
928,Dani,Yearly,Male,58
929,Constantina,Once,Female,60
930,Blinnie,,Female,
931,Chicky,Yearly,Male,23
932,Mauricio,Monthly,Agender,36
933,Ailee,Often,Female,27
934,Quentin,Often,Bigender,25
935,Tessi,Seldom,Genderfluid,29
936,Cort,Often,Male,44
937,Kalil,Monthly,Male,20
938,Trista,Never,Female,20
939,Shel,Monthly,Female,50
940,Pasquale,Weekly,Male,57
941,Levy,Once,Male,48
942,Vern,Once,Male,28
943,Katey,Never,Female,53
944,Ky,Once,Male,44
945,Tann,Daily,Male,57
946,Floyd,Yearly,Genderqueer,46
947,Evanne,Once,Female,39
948,Natty,Daily,Male,36
949,Giacomo,Often,Male,26
950,Charmion,Often,Female,31
951,Marijn,Monthly,Male,30
952,Glenn,Once,Male,59
953,Reeba,Monthly,Female,26
954,Kathe,Often,Female,46
955,,Once,Male,50
956,Anna-diane,Never,Non-binary,28
957,Alick,Weekly,Agender,49
958,Jilli,Daily,Female,28
959,Robby,Often,Male,58
960,Tina,Weekly,Female,45
961,Isobel,Monthly,Female,49
962,Joly,Yearly,Female,24
963,Tome,Monthly,Genderfluid,44
964,Dannye,Never,Female,36
965,Rozalie,Often,Bigender,22
966,,Once,Female,53
967,Ulrica,Monthly,Female,31
968,Sarena,Yearly,Female,28
969,Gabriela,Never,Female,55
970,Krisha,Yearly,Male,57
971,Hurley,Monthly,Male,32
972,Lucien,Yearly,Male,28
973,Tammi,Monthly,Female,54
974,Fraze,Once,Male,46
975,Constantine,Weekly,Female,60
976,Berton,Once,Male,43
977,Gerrilee,Often,Female,22
978,Genovera,Never,Female,22
979,Kirstyn,Never,Female,50
980,Jonas,,Male,
981,Caressa,Yearly,,46
982,Frank,Daily,Female,31
983,Katey,Yearly,Female,46
984,Marillin,Often,Female,53
985,Ulises,Yearly,Male,36
986,Marietta,Often,Female,54
987,Raffarty,Seldom,Male,23
988,Katrinka,Daily,Female,29
989,Lucio,Daily,Male,46
990,Drucie,Daily,Agender,60
991,Katharine,Monthly,Female,31
992,Hobart,Never,Male,41
993,Gustavo,Monthly,Male,35
994,Ozzie,Seldom,Male,30
995,Ario,Once,Male,58
996,Eadie,Daily,Female,38
997,Alleen,Once,Female,22
998,Mikaela,Weekly,Female,56
999,Lonnie,Monthly,Male,59
1000,Therine,Never,Female,44
